x1,x2
0.6856927578567167,1.0452377325438764
-0.9528455545697044,0.9913625103410262
-1.4583569561232617,1.2481435344057399
-0.64462410238351,-1.0880627000280527
0.9493394356405036,-0.5057078067546541
0.8863117170379164,-0.9571411578220343
-0.8219149079325377,-1.118058394034652
-0.6086522354762793,1.044719501224866
0.8040251374164049,-0.78124654121311
1.4255780097731474,0.8710049723511231
-1.0551533090570475,-0.6929724328235485
-1.059648699550482,0.9171901152861666
1.316258552604845,-1.220563434891429
-1.1509632715957745,-1.2008768078385001
0.7823598335714141,0.6521644995733984
1.4349124916834202,1.1600638393781497
-0.7372719172801636,0.7728076435878742
1.0862670871572215,-1.2137426846855088
1.2921600092040901,-0.928475147479862
1.0949986912628344,-0.7649504904349291
-0.7235802552715845,-1.2771716508137325
-1.2344240069072188,-1.209193530946756
-0.9223307135213284,0.8516437823580125
-0.9677432209768383,0.9748989647120216
0.6624482358765856,1.0663020689048797
0.7016078582286709,1.10780267904453
-0.9554148931361881,-0.7756876918724178
-1.0529431966719751,0.8631551192468307
1.046038873453791,1.2083366538805502
0.860056453550835,-1.03598898891621
-1.1756840089236584,0.714966476157062
1.2440876668946883,-1.302392012901661
1.0307231938384507,-1.1626148324205632
1.0445237830054512,-1.09189574373774
-1.2798111059140684,0.7642880758366115
1.1250359124332534,1.2542637468989075
1.09787980972593,-0.943368393322423
-1.236431440005648,1.075534177339715
-0.9645675631388291,-0.8994861337031974
0.8535602100143886,1.1024495879179546
-0.7412898422812126,-0.936275548744356
1.0153266761552244,1.286080669922811
0.9799865792417342,-1.0182297981797588
-0.9759834400777568,-1.1397943372550456
-0.8690552817411905,-1.2242678066452939
0.9041062362000151,0.9438790854256139
1.1853438284813933,0.7619070498723459
-0.8251454468308229,-0.9856695799482305
-1.0659040326523188,1.147882790143266
1.0959632666710526,-0.8975623651884479
1.149277816985163,-0.9914020513923906
-1.18933113102099,-1.160922124890777
-1.082290788451483,-1.0090550286174647
-0.9857960439460974,-0.8156849537221138
1.2824117448226928,0.8759689454205731
1.192583909050554,-1.1060203400470379
-0.7370533337494799,-0.7649500866313486
-1.0725097243704695,1.1774900126105734
0.9522490271749473,1.0811916076980361
-1.180940380044264,0.8967761227954348
0.9888352265409274,0.5898501371098746
-0.9410668900947341,-1.209276091641409
-1.2359540912405649,0.6812794198096852
1.192878472061132,-0.7306947188016663
1.2075533075577658,1.1376462407848678
-0.7879795918104326,1.2462850538620627
-0.8691950235798866,-0.6401039851715028
0.900716447438433,-0.9095371282356972
-0.8979943956328739,-0.9322572127023728
1.0069008486452722,-1.0844348492674092
1.1735272342019578,-0.9672250791877836
0.9114536674438604,-0.9194095438053284
-0.9646314496307025,-0.7462148969042909
0.8716460828862002,1.0464583517641821
-1.2743547371148465,-1.0056636676489696
1.1001394323141191,1.0848004602377277
1.336296592661665,0.8636117456857872
0.9139260155134358,1.0708441107936275
0.9631994691335155,-0.8428313672531061
-1.035618635062486,-1.1147909118820414
-1.50161865557995,-1.2370165664573682
-0.9366029006683441,-0.8958412377557767
0.8834320621475737,1.2845165359758082
1.0964890537777943,1.35877808185487
-1.0814298254877843,1.2463072965087578
-0.9129838345018833,1.0445927879795875
0.6225276292542217,-0.9640529381418899
0.5241476734903008,-0.7416513791345469
-0.5686651148386441,-1.1658874504553771
1.2910662623489404,-0.7316845056977126
-0.5596287372391751,-1.0074133808837653
-1.2948405366915559,-0.5827244560396373
0.8030132095369352,1.2119110489239968
0.9442777579575858,-0.6595211541531174
-1.1778556157645794,1.042592920614354
-1.3016775903252196,1.1332264433491865
0.5072291412309178,1.2973012675757314
-1.0678404830101311,-0.9295357755040535
1.2545834025383555,-0.5444379384749254
0.5070950387598709,0.7488682369013673
-0.867569646545606,1.2289437591493497
1.340956093319908,-0.7259021875429672
-0.9515770717501841,0.640237988278525
1.145731461254,0.7585881377692139
-0.9653552721273979,0.789830043156994
-0.8181204593554948,1.0269004158260082
-0.6615874939934225,0.9961213447780979
-1.2310528449633404,-0.8406656306142698
-1.0263106966614608,-0.9611141596551878
-0.6134189143051023,-1.3987143062651513
1.075599020243883,0.8464596200782573
-1.0481216327069567,-1.266539728862924
1.3380206912559758,0.8631702432064099
-1.2659928392580286,-0.9115884661902725
1.0643749907486728,-1.5274656708406544
-1.16968158509554,1.1408735919908746
-1.2024324892938245,-0.6733637267487416
-0.8799795988744905,-0.860886548925027
0.9249462177022688,-1.1327492520282447
1.1674067555372745,1.3252626149329143
-1.1046175265231486,-1.0502553848709364
0.9564707229697053,1.154910636009352
0.8890635976468926,-0.6425044138721465
-1.1722060424187564,1.0747395573001393
0.9743819047376528,0.7356111118684452
0.8728939236951729,1.2114700302935273
-0.7686622073763308,-0.9895370139665243
0.8853331928313662,-1.0030312441610871
1.1884266953383362,-0.979596512739205
-1.058881346647559,-0.8520598588735955
-1.0993460954582563,-0.8989956166479725
1.0595965112494246,0.8674144029966777
1.0950843554863006,0.9092930127873922
0.9333501818642765,1.0500504754993183
-0.9281664328851773,-0.9407537814013875
-0.715493740660528,0.6029197547177926
0.98154348895262,0.9461944652161348
0.8676609393100326,-0.9181236222465686
-0.9736405022911917,0.8898021492004564
0.9128219437059913,-0.597129521885684
0.7854697837848621,-1.0711255737114735
-1.0832088470108228,0.9974300637463696
1.1042005952065619,0.7740595027072618
0.8550551328742766,1.162795874866351
-1.052868465750779,-0.6915581559318383
-0.7780909767551657,-1.078957900446055
-1.0545360000224413,-1.322573847640503
0.8635150895682076,0.7627731983841026
-1.2239981040529102,0.9438957792030234
-1.1775472216202079,0.6572845136852884
0.7117157659615737,-1.1840172089734256
-0.7157119772900957,-1.3653810621500435
0.8695568605185601,-0.8512367334802872
-1.0929132124967202,-0.9692317509930275
0.9812194363597767,-0.9058843670095672
1.173824717597167,0.6515848400074762
1.0458928406417218,-1.0906169440697242
0.8121006430182476,1.2026386606871937
-1.0247879618659947,0.9161042672277931
-1.0954978457959201,-1.0308131048875175
-1.4607854849800919,0.4516138845937414
0.8836688889129164,-1.4418197795687702
-0.8760003515481241,0.9712244648799057
0.62669865509275,-0.7259555420450297
-1.2917886698055256,0.7683046283240065
1.1254547209475827,1.0915727119493865
1.3080097736017706,1.2514725444587382
-1.0053974306655793,-0.9102252425320752
0.7936089129622186,-1.1065083068156483
-0.8971040733479317,-0.9484567237852521
0.8099995074472355,-0.926209039358296
-1.1475909811713003,0.770868219349711
0.9394856588969047,0.8041083836587505
0.3276015936398591,-1.1621445243399098
0.9432316331922065,1.1863341044361568
-1.0149758492313659,-0.9762608722233269
1.0078977194145884,1.0115018193801182
1.304962706290579,-1.1425978313669098
0.9265302038953463,-1.0014181712278603
-0.6725121175886175,-1.005755494313994
-0.9870086399093451,0.5822921363473998
0.7240409939083481,0.641525047770624
1.007147169816186,-1.4233217861249297
0.8231323972337861,1.3749336109098507
1.2226589606408755,0.9333752815376599
0.7834759750234327,-1.1450890986820776
-1.01709517849616,-0.8813004252764518
-1.1410828051731363,-1.0094465149020564
-1.0507761966601308,0.7778074512018462
1.3331968410028074,1.0271179909083816
-0.9105237417016712,1.1098014401788479
1.032309315481845,1.1456336889944305
0.8832041505045671,1.0307217505110162
1.005539976538481,0.7877744914225796
-0.9817052732920627,0.9097237391020733
0.9430327595009228,-1.2872552083562914
0.7989151695915089,1.0708498033452052
0.8440347615742564,-1.2006471353050874
-0.7382577642515809,-1.0801493432698066
1.1582921184066024,-1.1397757692448942
-0.87989054377212,1.0890951978863952
0.9126369211382848,-1.0492466879064186
-0.9046085007267846,1.0759488321385768
0.8536593772574785,-0.7746424418441517
-1.093159432056974,-0.8798750553059199
0.8353770974327109,-0.7649351278287455
-1.1772479339910946,-1.0951466985366791
1.1605411176777665,0.6318762195480419
-1.1361945301908452,-0.6734015441576955
-0.7808740602961111,-1.0619153274441324
0.648687698133465,-1.1239321635034867
1.0567186935222808,0.8609892176777165
1.3262829825244438,-0.8421460097062868
1.2132202355137889,1.063724450915339
0.8463291671773767,0.9788819526570417
0.9373606795252586,1.2837853907800933
-1.179481065726106,0.9397165484529907
-0.9552611895397296,1.357617130529573
-0.6695696009247369,0.865949196761886
0.894320860073797,1.1546635628409188
-1.2647725747387855,1.1894216845692331
0.7712473326116045,1.247797252909544
1.11721272363568,-0.6859402533305311
-0.7417450543153401,-1.1928409706362646
0.9846685083336381,0.9029953856599643
-1.0545485404035837,0.8693157583995621
1.1007115105357468,-1.3109726848990488
0.9875959530758367,-0.927752247874896
1.0754012037653116,1.20619517215726
0.6826419464895992,0.8059380429252871
1.3112299568052745,-0.8788443237576754
0.6975642804760172,1.0973801201083166
-1.2927434572148606,0.9578160564862208
-0.8364460867467681,-0.9926410492002741
-0.9214564499579722,1.5325707145433167
0.6100935748508045,-1.359496036507407
-1.0097405084734976,-0.6416937806801237
0.8251353250547883,-0.8196818611389394
-0.8530261568820993,1.2935507275296858
0.8661243583020195,-1.0726332483180077
-0.860891812357961,0.8894276304593131
0.9230960536011905,0.9430779918726417
0.9480090145222017,1.020478065600655
-0.9754841567654897,-1.200232896300405
1.1884073985754275,-0.9826774835476644
1.0368289963485946,1.2567056587537628
-1.336822178592666,-1.237151053070113
-1.076621301682455,1.1652182207612296
-0.8625375302831181,-1.3646019167047332
-0.9299266866212954,-0.6857303988080641
-1.0960901370827363,0.807279938474214
1.1014562351208068,-0.8746682839144387
1.1273738923136276,1.3703361760885981
-0.9416523586160033,1.1974259022921914
-1.1767331630852569,-0.9842683436510248
1.0230300071109715,-1.1634517014396009
1.1922742510021764,-1.0682355627365339
1.3221641153135102,1.121020653929277
-0.9889483561229474,-0.7963465310960395
-1.067045090090728,-1.3088110899586811
-1.0756845108552282,-1.0977950870350592
0.972745636418537,-0.71075897591912
-1.0252773645510047,1.1310685863813332
-1.169152606740344,0.9178530046876682
1.0597345993496115,1.174095873432564
-1.046106638084099,-1.0867354673725174
0.7756896362722386,-1.1433003910606088
1.2215686374834653,-1.0636457632209964
-1.0474500891493665,-1.2464692413204543
1.286920631134774,0.8730093611477456
-0.8287695908620798,-1.0089605233951096
-0.6906787809773378,-0.678025203011569
1.1564944391260488,0.8419669635911187
1.1855196172507196,1.12684905838924
-0.9157898567489043,-1.2131205960897669
1.1337587608850406,1.0225858725345531
1.206833434376703,-1.3635998080070264
1.1710416455036126,1.1440988214753116
1.0598027538500057,-0.8308495487384746
1.1311549330002895,0.6308136064151058
0.8873822544958414,-0.9489260904717013
-0.7879122673219294,1.0924200333597383
1.1912952481311383,0.8929667673252765
0.9810427614527917,-0.7268288023966014
-0.8980036856479997,1.1597346125225687
0.8782827378575555,0.9543894984821965
1.2501504563962682,0.8285899779376965
-1.1847991359632166,-1.2595026779755032
-1.4098114520938378,-0.8265889583360962
1.5063431081776513,0.9856612882525468
1.0183515412619952,0.9260392475673922
-1.1963259307449063,-1.1333279626367467
-0.9597550847543134,0.8226889437113618
-0.8568986267064713,0.784131527677647
-0.513699214366639,1.0982932173678828
1.1007434993851437,-1.0341847763599628
-0.9490497612139982,-1.0747561562385293
1.1015306604100206,-0.7196097117058271
0.9595356361939124,-0.829648966317751
1.0489396057176676,-1.3607615162376088
0.6340833232542873,1.3160279775354762
0.9650293747112912,0.7453514655581148
1.1034793804915473,0.9890440011781698
1.0435572411313405,-0.7891617912964387
1.2563835749067591,1.0746114517728318
0.912796740820371,-1.064465844495193
-0.873984035501317,-0.9853013525996221
-1.1224783988431413,0.7153560633478369
0.8843182889527118,0.3025447498821414
-1.0341351785233377,-0.6744655911028192
-1.1904926357746515,0.9786456399813862
-0.9169351377425969,1.0970331632785968
-0.9882127574899849,1.1274371097867628
1.1230389167893768,1.1269981137469158
1.1898257446051947,0.9050737192971756
-0.5317888458942586,1.0754132235898588
-1.0460663007738242,-1.3579322429413871
0.8960601645256387,-1.0136518218166062
0.7141086621205548,0.9755867653408629
-0.7581796715813317,-1.168613220216064
-0.5240680552735053,0.9767432598414617
-1.4679278915628398,1.1394393613958091
1.1532761657414854,0.9413878408009264
0.7628176002956011,-1.0448845431673914
1.008335483106139,0.9651818742662203
0.9657843624204873,-0.920426579581815
0.9143991444093894,-0.6927741555722802
1.0060483423735653,1.430630695920547
-1.0408750631324344,-1.097299020021764
1.0609020917206633,-0.9878734627350007
-1.2632139108920797,0.946688223666536
1.1039172070164578,0.9801272185853473
1.2260442620884002,-0.923054003427458
-1.0135337128552215,-1.0826419506713332
-0.866116894516308,0.9496219692846173
-0.461414755708082,1.0608641194276702
-1.0466623837179,-1.3697170378774104
-0.8137433086253789,0.8409883849285731
1.0684912100720534,1.0455027536813306
-0.8708427348200658,-0.7663382726038315
1.0427274533314297,1.1861118594961715
-0.7969947065327909,-0.8345277821123265
-1.3179039788249052,-1.0754493033810624
-1.2123308807576894,-1.136896933680644
0.9180883055143013,0.9110043588712307
-1.034483953435482,-0.9816323250141233
-0.7731622028539868,-0.881131238280658
-1.44254247826425,-0.8494200785309982
1.0685114410262082,1.0595929873746706
1.122768751214515,-1.1332435551736932
-1.0339942631903343,0.829485236001675
0.7455581273569983,-1.3808930108260355
-1.0256826224483295,-1.359222619141785
1.1839366069974067,1.2480991045526268
-1.0395755128816107,1.0113080244387376
-0.939026590392728,0.798665453274964
-0.7718467443542059,1.0194810281530433
-1.2428508278515127,1.1199849851578974
1.2644987783175154,0.8479758398805037
1.362783885447321,0.8673168265826163
1.1876999879170165,0.988932367210188
1.1137448478061798,-1.0683388554218634
1.1950083131992744,1.125644782978045
-1.2745411575114745,-1.1697233022671978
0.7541768892312924,1.055341902987892
-1.1622476355112785,1.316173306603695
1.031092006361663,-1.1368425436702156
-0.9832192466617014,1.1892494801140416
1.0446976430542794,0.9040470974767266
-1.096201052500474,0.9750066345181464
-1.0782346265333407,-0.6931555300164411
0.7708167754550976,0.8967735369166022
-0.8863285122353861,0.9750538542295993
0.9662884596012938,0.8899364258867184
-1.148758255846691,-1.119599773210708
0.8575463799297751,-1.1370963401567364
0.9324635828372455,-0.9015163864288824
0.914164662475949,-1.2069308045412535
-1.041707655991205,-0.9141531167450001
0.7284182339880101,1.1924292962448932
0.8810249855823338,0.9489644359350983
0.762838959676413,-1.023612976140869
0.9727659867134416,1.0548415898184338
0.9447919109776204,-0.731810524958662
0.9411504880276955,1.1139012219927475
-0.9993764545417748,1.1078164399131054
-1.1229295776343062,0.9118480800245983
-1.174395519624834,-0.9509510428699578
-0.9502606154174877,0.9050920024151387
-0.9442407771180132,-1.0508156284572432
1.023328402962893,0.6206965409075297
-1.0753659685102743,-0.8160034913719684
0.9411406367442453,-0.8958534682211889
1.1222538144806373,1.0743024503674083
-0.9850105324138765,1.1726934338375097
0.8742683786071122,1.2409576185601356
0.933268257788919,0.7608612758093488
-1.0511605966559396,0.9832236463221352
-1.4660623451289168,1.1897019357342011
0.7805580715111884,1.0217094466708518
0.779549667938786,0.9422764396921086
1.169326189710228,1.076852271089654
-0.8970249863867553,0.8081427619809981
-0.8621239309033732,-1.0654428273359202
0.8123961510874845,1.0607063197983944
-0.7520769970898118,0.8985310006781475
-1.0371855752791448,-1.2738088001501142
-0.7824578279806279,-0.8932356568709379
1.195104169542093,1.4239549104499454
-1.2914181772490638,1.1292741691197632
-1.155732233689887,1.102186052132522
-1.0111037200363147,1.2134330632529593
1.0051436628305794,-0.8968674035696862
-1.084885764989146,-1.0265819798222302
-0.7540304156784061,0.5679064901502795
-0.7309243856302492,-0.7968115707227871
-1.157743085572324,-1.3108204196269468
1.3408030618231446,1.1516465570925551
-1.0523922146409717,-0.8842057785818379
-1.037964787159829,-1.1312170706782687
-1.0374414540315793,-0.9919186834715534
-0.6943954246079767,-0.9976224033136197
-0.9935431478393645,-1.128577511726345
-1.107325872446946,-0.9369194663148606
-1.0938093384452752,1.0434460489136077
-0.8501581145478943,1.1338927674760924
1.030306821544719,-1.0800048906424866
-0.7599658527365994,0.9029730989616551
-0.6776036959637118,-1.1565266049182037
0.9936527154716779,-0.8140770455334629
1.4908441488725233,1.0502040131549077
-1.037244908879522,-0.7109260183259798
-0.7786609106808828,-1.0438153050048076
0.7276768502859972,0.85988016327716
-1.227961130447814,-0.971639021893615
-0.8967345395901888,-1.0649517202445398
-0.866958956935079,1.0004553551111055
-0.9902338047560593,-0.6276773287498753
-0.5678234877423097,0.8950012984748038
-1.001656925874587,-1.0639262727528596
1.003222831273016,-0.872163362637447
-1.106612382614988,1.3140522982207745
0.9983089869263748,-0.8946728822052299
0.802519766069343,-1.2074339284248228
-1.0540734021273117,0.9361246767031933
1.236503756631937,-0.9153478306122484
-0.8900796626786897,1.0307410152695546
-0.9958158071161821,-1.2857306549950969
0.9589708865631282,1.092910642156193
-0.9939698042063888,-1.1308313905155656
-1.3315664614714464,1.2656421650377867
0.9496630743323291,-1.1960069424844373
1.161024153365184,-0.9606106268680971
-1.0269787391603966,0.6249273727075224
-0.7458339755411767,-0.8673524196923625
-0.7868927140346402,0.7574560022354797
-1.0622976509115227,-0.6807469920645937
-1.013561646783819,1.0294809132819405
1.1816707843867977,-1.0007539784592752
-0.9324681566725681,-0.8544273592093402
1.2179143477741126,-1.178546918446564
-1.2306796609158077,-1.0962483873298028
1.1629447435857743,0.8625418486923245
-1.315498861718324,-0.7378112719569849
-0.9209575974129683,-0.9754264941274792
-0.8691073887167908,-0.9881257449229675
0.9777942536305275,0.959563776483483
-0.885417263725594,1.3959877525737308
-1.1726705032467817,-1.026108293415547
-1.4160464670321395,-1.4103456737316065
-0.9125121507079474,0.9289063117940594
-1.1266346088418528,1.3314959397738777
-1.0652828774688787,0.9384367023334387
1.005645578197755,0.9266751629894229
0.8408017312096421,-1.050189547448326
-0.8999677798938102,0.7511205436596273
1.1783803031374407,-0.8917785067332817
1.3327117159317137,0.9693080130146434
-0.6165957566737801,0.8890940197934547
1.0324737299889883,-0.8041857395320301
-1.3102158922361893,-0.8113928037812769
1.0473297116828462,0.9524326285599634
0.8622630115697804,-0.8683556705350864
0.7993739497319001,-0.9631583949633414
-1.4130635016535324,1.230204712541796
-1.3204375988034867,0.6808845590298745
1.0213917132127996,1.2389912111838033
-0.9822044729355419,-0.9872656677150444
0.6600845225881593,0.5945061866234935
-1.1677014620528343,1.4247954589356426
-1.006215017693572,-1.1366893254930475
0.896585001703901,0.9451286181438664
-0.8966895228906027,-1.0178807280994648
-1.2299726085929454,-0.9664613218923899
1.1813969083974374,-1.4309248130321244
1.2601152897582444,-1.1425246511351757
-0.9525608821626018,1.3543786217100828
0.75937274813718,-0.9521002045693009
0.8726438157348511,-1.1637289927006749
1.0428199857801828,0.9668279804441273
0.7187466175045385,1.0412550459464527
-0.8723936951251311,-1.2203997261843227
1.2964338640503108,-1.060194463490312
0.6470098828049283,1.3127724588439098
0.7756239610855034,-0.914224428290756
-1.1585730015553113,-1.014349882434198
-0.852689089675359,1.104190198643067
1.2195621057005788,1.2783143098348102
-1.1627228213477876,1.1161389438218425
1.2105214093025376,-1.1215302325780374
0.9229665527976051,-1.0408402196100217
-0.5445100936071587,1.081016532386045
-0.6056395059911385,0.8136025903326953
-1.0969130264442288,-1.5306637118522959
1.0968638875687033,-1.0052961548851487
1.2748852748455333,1.2210398441498858
-0.8282665652253819,-1.252814735808699
0.49483957470276785,1.037342028592305
1.2014465354620694,-0.8875945422696133
1.2161075942849258,1.2363627176949152
-0.9714116507640028,0.9992802889979784
1.086066418452062,-1.109678810201502
-1.2191692842626893,-0.8790701387680606
1.0391739128022544,-1.035023001141313
-0.8895898628802381,0.9830582508504407
-0.7362377275061507,-1.0529768524050709
-1.1399445050676733,0.7673775068060841
0.6061322393501228,0.7262405802225744
1.4212550957401884,1.0100631403205327
1.058734649257465,-0.7022789376786982
1.0070931694900471,-1.0686039289900369
-0.8543995964826191,1.174547966082946
-0.9317693122979273,-0.9723453565364122
0.6923508442843616,-1.1578544384603382
0.7278620407246326,0.8873108901099594
0.885814016392003,1.2706005198364037
-1.2999231656302093,-0.8265974758067705
1.3209239779032922,-1.3475767661840963
-0.8559011320958432,1.0316968732475411
0.9628815065670748,-0.7476986858342229
-1.143155210667003,0.758822056921585
-0.9303131227991047,0.9030052409302382
-1.1693375391387084,1.0986677699456002
1.113544618989312,0.9191722793275794
-1.1174485805909613,-0.5158277427282616
0.9455210929806666,1.3827830572704456
-0.8017646552176214,1.4739324706974268
0.6494318184524255,-1.0199424836425317
0.8506175327652465,-1.1937608482296267
1.368328068896354,-0.9473570431223157
1.3157384034118709,-0.9342301331109494
-1.2611097019561162,-1.2238950523199237
0.9417953044017047,-1.0245103762081438
-0.650109051738964,-1.057214599363259
1.0727462661567173,-0.8254158588373016
-0.7769914837605995,0.9650519482659938
-1.4926143751940146,0.9673626741250082
0.43025603575262583,-0.8508486119259762
-0.7845032365608076,1.360818201425051
-0.8145030752777542,1.0799136636135533
-0.896783192533006,-0.9089214279428387
0.8278296116882267,0.7610136062314801
0.9120110388786004,1.2868261107314247
1.0162845149186601,1.1033285860793416
-0.8467678759192309,-1.1988055386455876
1.0349152634950995,-0.6320124618465268
1.0576550448089945,-0.8150641480948138
-0.8241772400566185,-0.6307270254136588
0.7596796658804164,0.8331885658946835
-1.1487907192528768,1.1372789561568304
1.4117221448562967,1.3254580403888527
-0.8637970352773634,0.9641140125355124
-1.038922688829273,-1.0744264094938758
-0.7630541682224429,-0.9189419368090697
-0.8635740579046197,-0.9698555981651071
1.0457563158942156,1.1265495271180739
1.0895369445086591,-0.818445241685199
-1.1133384410408915,1.3523504270401456
-1.3636660216070922,1.1675292936293442
-1.1531720782535568,1.0548771302773063
-0.8363023139893444,1.4490897948427626
-0.8535457292229489,-1.1285150784866709
-1.1031797901273395,0.9072364818497828
0.8859589485497135,-1.0128940946552056
-0.8881569833500763,1.0646559347057951
-0.7705995231510514,1.175611750947429
0.9675503773458404,1.4361283205268525
1.4029697502503247,1.4264961018871665
0.7804912224857723,-0.9940367105207163
1.1897807884715375,1.2777526254121754
-0.9614821743532731,-1.0992468619835811
1.0489763750392551,-1.2542700782791711
1.1256194008081533,-0.8600578194912465
-1.216038765039457,-1.0864115237474992
-0.928859661648079,0.987746383523647
-0.8883123432908269,1.1623791872848719
1.2430411763760798,-1.08287479143325
0.6321977654988502,-1.1468718360847767
0.7699728318085863,-0.9422075296724741
-1.3797883628902443,-1.1968983990541568
1.2113577342771356,-1.0813068128585084
0.9608534629661861,-1.021517331345264
-1.3064285044625386,-0.9562262845199445
0.9847057491156916,-0.8131147939965938
-0.9066073082807335,-0.9572762049361543
-0.8700440050052055,1.0166796042008441
-1.1380222428539999,-0.937649857272791
1.3077184439091272,-0.9249139156497308
0.6015216273853906,-1.1248049371131033
-0.916053311817626,1.6629364703131908
1.082145086632034,1.0617172370030605
0.854965797113381,-0.7416625704944843
1.1566943297239802,1.1646672065195565
-1.4724827186295788,-0.9320031582012209
-1.1058744055295893,-0.6876592612699177
-1.0191271810580298,-0.8913893609300967
0.7422899619604578,-1.3510049960767128
1.4632044792904073,1.2122946048294914
0.9216318404724837,-1.5293559083334272
1.3383387105655755,1.0825827817761562
-1.067654638874838,-0.6691461780418408
-0.9155229522561107,-0.9936661746047858
0.9165583210168171,1.0288274029154365
-0.8158540876474614,1.3156686514733054
0.5600003484350106,-0.893854333978619
-1.1271925202462252,0.8526752704950198
-0.9658189145013447,-1.1458508873061093
-1.4671143889613443,0.9935842985275694
1.0232442416309389,-0.9670988087293652
1.0740090891671237,1.1779293944817442
1.2132137151179672,1.202543361501666
1.2908891421145563,0.9580078523408796
-0.971629761474611,0.8898057822892966
-1.2737216053142906,1.3864574005100687
-1.288143870713432,-0.7046974351578716
1.2530957298650445,0.966283787307274
1.1285243498196178,-0.8774403012215903
-0.6568838525849549,0.6919986373101263
-0.8851117734381158,-0.7635549545028261
1.196754748728446,1.100058827287827
-1.131580480205316,0.7486275174535777
1.0432642640226863,0.9099637346169255
-0.8656716716580539,0.964324951327593
0.9113629112207191,1.1151522748338611
1.1420106166589379,-0.727307673429693
-1.2310408095417686,-1.1926108101821966
-1.0339600664513746,-0.8317274926813811
-1.2723868455847975,-1.2268370740136585
0.6810095887950907,-1.1869680610546098
0.9085454395765831,-1.0602139022356212
-0.8138966329441871,-0.9378334373576224
1.1408591916674633,0.8825929897524896
1.1440665752218628,0.441165476540582
0.891432099287973,-1.088834216645092
-0.9216054050110559,1.1524277959451812
-1.1934196293797574,-1.0653920558974017
0.882990208736188,0.8214881011462944
-0.8887618930808625,-0.9683760490541533
-0.8008569054379873,0.9978543692144707
1.2740011205605315,-1.0317009824584027
-1.4054612793115169,1.0054352749688826
-1.0343941892747486,1.0248597532810377
0.8883885955545874,0.8297327024899037
-1.054744156218181,1.0947143744610448
-1.0521631962282085,1.230511621589529
-1.0283787162032425,-0.9229291723803026
-1.0289907153665723,1.1210580283081721
0.9897130769560428,-0.6369519319779582
-0.8327156966804983,1.0363870063497123
1.2295795022602343,-0.8966787785259374
0.7314807924625867,-1.0185727814891927
1.1830770838927651,1.093696639232907
1.265019572005168,1.1293142193714534
0.899958688937349,1.094629735396294
1.0811953689519824,-1.1804902108865707
-0.7922785619516628,0.9108821768485411
0.7775546918538272,-1.2922691120444239
0.75393089328737,0.7986453211062632
0.764315810879941,0.9054532706770084
0.9580307228305452,-1.5855559541397286
-1.1809373563301917,-0.9553420027964279
-1.1787755417446522,1.4736516899973084
0.9830657782970774,0.6434218796273339
0.9657422139254973,-0.745689840966983
1.1363435151837726,1.0190334454228192
-0.8975727659482261,-0.9044228741232962
-1.365168194739028,0.8710983442746166
0.5852359463420957,-1.2117782990530461
-0.7770259430087336,-0.913044602658478
-1.1232526767501345,1.124901260032172
-1.337456121491788,-1.3394684230314446
1.0024205400691328,-0.860697254625861
-1.0018345078571609,-0.9548597231427114
-0.8477587027182418,-1.0597141204085938
0.7296199783851915,1.0880675801987554
-0.792994739125087,-1.3328314418019953
1.102581758026736,-1.1592787539499116
-1.0801348509026496,1.1384951464992497
1.35434403862431,-0.6372075287289005
-1.1540131896293713,0.7002413995555353
-1.225272253238063,1.4437992543215477
0.8530401964193538,0.855229862540229
1.3228686833844132,0.4650087052499764
0.7861145474060011,-0.9521762174258771
0.9525803562364565,-0.9551970288369225
-1.309372513520477,-0.74087628303947
0.8871396441724766,-0.8041574402113848
-1.0521181241438613,0.7902673193294787
0.785931383348965,-0.9522116552339981
0.7098196231869858,-1.1849860976129545
1.0786832698081896,-1.4655230892871856
0.8466004134399541,1.15594978584008
-1.077758444497214,1.3298871348027128
0.999913144237739,0.8765729387832643
1.182015599094171,0.9009190452191627
0.8961283667683521,0.985284192102079
1.198228282108845,-0.6038469931673677
-1.1762556196785705,0.8978223061011382
1.0694561764714603,-1.0251319035104456
1.03310320347301,0.8788357308821864
-1.1288787633931925,-0.860171832625753
1.0658436049457427,1.0716072015701823
-1.2387315004515012,0.7541017433564698
-0.9407305783811439,-0.7194457761032291
-0.7673539357974761,-0.9106642217176654
0.6480378508173887,1.0670289408416718
-0.7079663598568529,1.0981901922589774
-0.8548495550401953,-0.6901856733256426
1.3244591115695563,-1.268659061679736
-0.6803900198335988,-0.6592556353725701
-0.7911205835660017,-0.9649665068157667
1.2815192450464523,-0.8046520192896747
0.5597143532590236,-0.715533898345212
-0.8577047937360683,1.0753826015080226
-0.846428750084157,-0.7826246510189773
-1.0694834650513065,1.0035896539439284
0.7815901996052388,0.5950929788147747
1.0632077381743898,0.8845675858908033
0.9137263163390801,-0.764572364040046
-1.361592332516162,0.9310837426604424
-1.14271198588082,-1.381657908338035
-1.0352020969673228,1.073964369204184
1.3890224110000984,-1.0478728693096606
-0.7736749760554563,0.9239105034094545
-1.187495176366384,-1.1010152355945815
-0.8839738387229766,0.9545272452115654
1.1724958751536996,-1.1748334922648596
-1.3322769067904978,1.023014221198874
0.873122671675278,-1.0764553864764714
0.9571686769776442,-1.4404050848011498
-1.081828766483197,1.1093125256192804
1.3027125255457206,0.7785925484058449
0.889025304432113,1.2967275266679168
-1.2736383773742914,1.2039229670696883
-1.3474666531224389,0.8658149234831176
-0.823201839260592,1.1324609625926467
-1.4069994573691373,1.200858983351628
0.7992146105519736,-0.7386603585420453
1.1275390100291929,0.8052583446441693
1.228544889218272,-0.5513800885917133
1.0795348000242684,0.8209095889990432
-1.1603774139050302,-1.1827033105873463
0.5462451299256001,0.6972494690614337
1.1091050986257855,1.2075974779416303
-0.8575737545733567,0.9696795383909698
-1.389206442073646,1.3624021571359672
1.0136234446491135,-0.9584818457445964
1.0696061040514953,1.2507362234222585
1.2616169036798455,-1.190385482299531
-1.454399511184449,0.8083324865221015
-0.7872900252158858,0.7470009077186854
1.178582192935411,-0.6678118179765571
-1.2271451429981886,-1.181992881417514
0.9762840321860351,0.6934613334816175
-1.1061716480206503,-1.1739723887022309
1.0278499741704619,0.8057719634055488
-1.0336312845475002,-0.7407898270382327
-1.0548137844440806,-1.1979655170646575
1.3249156821850294,1.111827940831181
-0.7782072803982997,1.0670864769562671
0.9216283551219945,0.7293050430511048
-0.9720607515704591,1.3070108332933494
-1.313823819164328,0.8733039350606258
-0.8680790851876999,0.9965710095936742
-0.9740739975408882,-0.9885721713402625
-1.2783432965058659,-0.9501376955267371
0.8455608673606319,-1.103882030830901
0.8655532122536564,-1.0347300321479649
0.8650676628124325,-0.9261070569357772
-1.2594845235049066,-1.1429924888304395
-1.0328385894646916,-0.92792666936907
-0.8246931106057067,0.6812611902605687
-0.5275913824661604,0.9447215163205125
-1.0371550647918018,-1.0761072833517353
1.0187228964719959,1.0043592162511925
1.1989419382655768,-1.138676977875368
-0.6681590764607186,-0.9242718631542065
0.8808478594070601,-0.7172153047627852
0.9938370457854627,0.9948564732541652
1.133770035029141,-1.0885950855883009
-0.8902209970690369,-1.1039698548751833
-0.7536751639618674,-0.7948154158975254
0.9601171650060726,1.0334596616667433
-1.2612575623898636,0.6258614027919116
-0.8772009350707974,1.0700074720286405
-1.1863747972422551,1.1959500041977336
-1.0329335042592795,-0.9975528692612973
-0.9565303584055566,-0.9764360991293147
-1.0617986512173911,1.3017058083141768
1.0646457570233203,-0.9720644990358558
1.0392839915174754,1.207869153160153
1.43117160808974,1.1220659529253054
1.1617721681286726,-0.9303144525683542
-1.0824677832379628,-0.8777134797114658
-0.9254371597806179,0.6950598088800648
1.073868213116941,1.0316371914945937
-0.7022082236646301,-1.3764897667270484
1.0780503038749802,0.9828372612473033
1.0990669144354837,-0.9970451068808137
-0.8538973349966821,0.7295266028927412
-0.874068645792433,1.141214481714998
-1.1164316568990584,1.1672930990562242
-0.9545470678355233,1.1214410452896717
-0.8685944839723638,-0.892356950630804
-0.9496907812512474,-1.157407827788608
1.2704568001560128,0.6586687167486003
1.220512752801367,-1.1897779820859014
1.0625617683029396,1.187297146096206
1.0577002242464713,1.0044906510407468
-1.0769526970683887,0.7097021515596353
1.045852489159925,0.7976249202427448
0.8261321417890424,0.9116466527422991
-1.1690991304936147,1.0816813372928922
1.3456421250574564,-1.1878547552634187
-1.143725707679888,1.1824465797408428
-1.4118672753914834,0.916158390242569
-0.8614216307785068,1.1388435538516863
1.0285570918889764,0.74651886821683
1.0587871875392272,0.851124293708351
-0.7015057001117089,-1.2230474432187695
-1.314881693943335,0.6529039075120602
0.8704745136921187,1.1981756646473378
1.1388005863100128,-1.168897347529229
-1.089760099782914,-1.3349898002414227
0.6743698286738761,0.9992415150156055
0.9537067961404171,0.7799185873799964
-0.7425467669135792,0.9831089634019448
0.9808148635187198,1.1664888725347184
1.3107888803992829,0.7338181522132207
-0.7355316481885013,-1.2724291001485417
0.9482526012578663,0.8787519715293626
0.7987915687763709,1.1239696138916648
0.9465160363392814,1.263769573349145
0.9540783509287296,-0.8277767960968204
1.245694171165364,-1.0654830738250884
1.0299065792867175,-0.9568902702897958
-1.4864508213469207,-0.8930054225527205
-0.8812627594037091,-0.9258987331426508
-0.7275634884874596,-1.0483481028364154
-0.6952913957932019,-0.9424291392684857
1.276260429164569,-1.0602134961047496
1.2501605715976694,-1.017864545283859
1.1795948057304138,-1.1374778910210361
0.9662963997860027,-0.9135108689830109
-1.1530846233716447,0.925584240780473
1.027989762393017,-0.837297563780745
1.0301344082315909,-0.8570195983201341
-0.8620635379597157,-0.8877615647933438
-1.2709142004422367,-1.0114816801773958
-0.8493200320378069,0.9115065218565495
0.7169868752356737,1.0888431266926402
-0.7756733837284447,-0.9086800125597978
1.2556698631780283,-1.2746320827476563
1.4270815177520204,-0.8230198736582964
-1.0879687669672249,1.0850424797376161
-0.6785027512379807,0.9499681506047855
1.4043345642399876,0.7641004209223097
-0.7070065017424934,1.179962772056052
0.8244591707827298,-1.1514030708344105
-1.1586601504537108,1.1649379250026901
0.5000248561875595,-1.251576842744564
-0.7551824544059665,0.9073128597672561
1.2331855805313086,0.8380689182376353
1.4911093186518272,-0.5552155386475669
1.0046628868477512,1.0332770396168618
-0.8867763604706096,1.0516504405790688
-1.0246328746631315,1.0734203169251242
-0.985648045165542,-0.9456787407687197
1.1420763761221318,-1.1120208726550715
1.331653730353307,-0.6405684719947653
-0.9603589935614542,0.9827689259007878
-1.1602382236246738,-0.9304298924138493
0.7031702430410005,0.6057441293499248
-1.0286858150754625,-1.0669144753656092
0.8462932599303234,-1.258213142927807
0.9781223672162572,0.9346176027133709
-0.6826591103298781,-1.3267989160996403
-1.0006018158188044,-1.0463901687225556
0.5697742890409863,-0.9440053647920315
-1.0997825624257738,0.7954796907376683
-1.1828001406269089,-0.854119861566426
0.8169831693459378,-1.022049769707181
-1.0435806821149007,-1.0610878118493847
0.8840905736148941,-1.0826775182261723
-1.011424303760404,-1.6920565544759023
1.0709286161438016,1.1241782969991685
0.7970969358534732,-0.8961471036363193
1.1065676645499711,0.9141433915344823
1.1696923319614043,-0.8365714260616948
1.2772352579762933,-1.1705260589942224
-1.168601741400453,-1.2755007512864633
-1.125938179880169,0.7792171791810893
0.7528373096675072,-0.9242705230573653
-1.09524289597333,-0.8339379140879457
-1.0730430100115267,1.280377553431617
-1.5219405303264892,1.2687906198751637
-0.8627090723232019,-0.7480168568192511
-1.252528506857095,1.0204939390173757
1.0655937390894779,-0.7186440849868163
-1.0688778807326493,1.3340227721395213
-0.734836218918214,0.8443717642545207
1.1224634376816836,-1.1112491942111056
-1.2257788802626268,-0.9966006238317874
1.2885336536379088,1.0267677714917047
-1.0712223949444495,-1.1779990192981717
-0.7018887288727798,0.9405757053747942
-1.3941143773291844,-1.01132651704436
-1.0290495141856841,1.1620099302039153
-0.7674988980806057,-1.2757717414674534
0.9010014388106822,-1.0994907698353562
-0.8113830143863938,1.0931462238903826
1.0309610015262098,-0.6234937067607624
-1.07830646832402,1.1412994751944276
0.8327055564910497,-1.0803137475303393
-0.8712567638828193,1.0448119509319196
-0.9300259836489807,1.2672361909071705
1.295217494670902,-1.0453381416271936
-0.7947927037909003,-1.0181995614274437
-0.6954814687929558,1.092062216170248
-0.6175175095688911,0.9356168588879246
0.8007338408953676,0.9165323819885338
0.9366565934926235,1.0826007368614703
1.082092493995885,-0.9786041691588852
1.2313062159126167,-1.206794163896152
1.3953803160924436,0.7010998747290109
-1.3278103253478453,-1.1294605262544815
0.612225684047236,-1.151015876409927
0.7576047122638758,0.8786298753905608
0.964927040366829,-0.7561190641371318
-1.1709864129265026,-1.0980299105216895
-1.0865230700687185,1.0977899553294614
0.9256745895125251,-0.7463594812213222
-0.735047759255786,0.7362392045284323
-1.0210298506382933,-1.316792515823056
-0.8122433749558774,-1.1350040549358302
0.895975725976278,1.2063819676232994
1.1081367327166691,0.6810587245348777
-0.9704833346473455,0.8321754230264845
1.1572608705314116,0.9875657038828256
0.8992513626133921,-0.9121855337454678
-1.028035564376051,0.8552368789577598
-0.962867349110498,-0.6334446926397578
-0.7864883085904429,-1.2123268896543666
0.6413898842491454,1.1492308546582446
-1.098638797029278,-0.9264057297549866
-1.431165176401664,0.8926635176562796
1.262102484683351,1.244380762802267
0.7163591266464173,-0.9781685225977076
-0.9173433107984464,-1.4135670873480437
0.7347779270055825,0.9074945183640164
1.1202950790992847,0.9596850116685536
0.8062719550761613,-0.725675981296241
1.1563618001169518,-0.9472862123710369
0.6496529657030521,0.9240196066883368
-0.7583389910590834,0.704866876018198
1.0630316804504045,0.868426889711226
-1.1286509871866761,1.017909020451455
1.1556490295980981,-0.8331777452955592
-1.2400553485577157,-0.8800678720454381
-1.529492905112453,-0.6810150570510238
-0.880258184788448,0.9377865518707404
-0.8526325217540959,-0.6850731853791432
1.2436470899956116,0.7511150254067989
-1.0493958981652605,1.0204930285879918
-1.4734839012215057,0.9620673152632816
0.9332035256522488,-0.8796954758260762
-1.1470500008030573,1.2599708135018575
0.6906672852190932,0.7135888339743677
1.0514904477376938,-0.9259242688009944
0.9592613505705668,-0.9569810846300674
1.0511945104406293,0.9657977347910746
0.8815664624350952,1.2163806333436185
0.6273767405285122,0.6497256602687302
-0.9878305976438322,-1.038620915809914
1.080413906795285,1.0429499396159827
-0.6545618897651124,-1.1450581909593895
-0.8809443091844157,-1.1365603232736243
-0.94491866849798,-0.9627349318638955
-0.9094529529139823,0.9997879418232145
-0.9876618799950913,1.203464890607309
